x,y
-4,27.0
-3.992,26.7910199812096
-3.984,26.5832766529536
-3.976,26.376765114777598
-3.968,26.1714804760576
-3.96,25.967417855999997
-3.952,25.7645723836416
-3.944,25.5629391978496
-3.936,25.3625134473216
-3.928,25.1632902905856
-3.92,24.965264896
-3.912,24.768432441753603
-3.904,24.5727881158656
-3.896,24.378327116185602
-3.888,24.1850446503936
-3.88,23.992935936000002
-3.872,23.8019962003456
-3.864,23.6122206806016
-3.856,23.4236046237696
-3.848,23.2361432866816
-3.84,23.049831936
-3.832,22.864665848217598
-3.824,22.680640309657598
-3.816,22.4977506164736
-3.808,22.315992074649596
-3.8,22.13536
-3.792,21.955849718169596
-3.784,21.7774565646336
-3.776,21.6001758846976
-3.768,21.4240030334976
-3.76,21.248933375999997
-3.752,21.074962287001597
-3.7439999999999998,20.902085151129597
-3.7359999999999998,20.730297362841597
-3.7279999999999998,20.559594326425593
-3.7199999999999998,20.389971455999994
-3.7119999999999997,20.221424175513594
-3.7039999999999997,20.053947918745596
-3.6959999999999997,19.887538129305593
-3.6879999999999997,19.722190260633596
-3.6799999999999997,19.557899775999992
-3.6719999999999997,19.394662148505592
-3.6639999999999997,19.232472861081597
-3.6559999999999997,19.071327406489594
-3.6479999999999997,18.911221287321595
-3.6399999999999997,18.752150015999995
-3.6319999999999997,18.594109114777595
-3.6239999999999997,18.437094115737594
-3.6159999999999997,18.281100560793597
-3.6079999999999997,18.126124001689597
-3.5999999999999996,17.972159999999995
-3.5919999999999996,17.819204127129595
-3.5839999999999996,17.667251964313596
-3.5759999999999996,17.516299102617594
-3.5679999999999996,17.366341142937593
-3.5599999999999996,17.217373695999996
-3.5519999999999996,17.069392382361592
-3.5439999999999996,16.922392832409596
-3.5359999999999996,16.77637068636159
-3.5279999999999996,16.631321594265593
-3.5199999999999996,16.487241215999994
-3.5119999999999996,16.344125221273593
-3.5039999999999996,16.201969289625595
-3.4959999999999996,16.060769110425593
-3.4879999999999995,15.920520382873592
-3.4799999999999995,15.781218815999992
-3.4719999999999995,15.642860128665593
-3.4639999999999995,15.505440049561592
-3.4559999999999995,15.36895431720959
-3.4479999999999995,15.233398679961594
-3.4399999999999995,15.09876889599999
-3.4319999999999995,14.965060733337591
-3.4239999999999995,14.832269969817592
-3.4159999999999995,14.700392393113594
-3.4079999999999995,14.569423800729593
-3.3999999999999995,14.439359999999994
-3.3919999999999995,14.310196808089593
-3.3839999999999995,14.181930051993593
-3.3759999999999994,14.054555568537593
-3.3679999999999994,13.928069204377593
-3.3599999999999994,13.802466815999992
-3.3519999999999994,13.677744269721593
-3.3439999999999994,13.553897441689593
-3.3359999999999994,13.43092221788159
-3.3279999999999994,13.30881449410559
-3.3199999999999994,13.187570175999992
-3.3119999999999994,13.067185179033592
-3.3039999999999994,12.947655428505593
-3.2959999999999994,12.828976859545591
-3.2879999999999994,12.711145417113592
-3.2799999999999994,12.594157055999991
-3.2719999999999994,12.478007740825593
-3.2639999999999993,12.36269344604159
-3.2559999999999993,12.248210155929591
-3.2479999999999993,12.13455386460159
-3.2399999999999993,12.021720575999991
-3.2319999999999993,11.90970630389759
-3.2239999999999993,11.79850707189759
-3.2159999999999993,11.688118913433591
-3.2079999999999993,11.57853787176959
-3.1999999999999993,11.469759999999992
-3.1919999999999993,11.36178136104959
-3.1839999999999993,11.254598027673591
-3.1759999999999993,11.148206082457591
-3.1679999999999993,11.04260161781759
-3.1599999999999993,10.937780735999992
-3.1519999999999992,10.833739549081592
-3.1439999999999992,10.730474178969592
-3.1359999999999992,10.627980757401591
-3.1279999999999992,10.52625542594559
-3.119999999999999,10.42529433599999
-3.111999999999999,10.32509364879359
-3.103999999999999,10.22564953538559
-3.095999999999999,10.12695817666559
-3.087999999999999,10.02901576335359
-3.079999999999999,9.93181849599999
-3.071999999999999,9.83536258498559
-3.063999999999999,9.739644250521591
-3.055999999999999,9.64465972264959
-3.047999999999999,9.55040524124159
-3.039999999999999,9.456877055999989
-3.031999999999999,9.36407142645759
-3.023999999999999,9.27198462197759
-3.015999999999999,9.180612921753593
-3.007999999999999,9.089952614809592
-2.999999999999999,8.999999999999991
-2.991999999999999,8.91075138600959
-2.983999999999999,8.82220309135359
-2.975999999999999,8.73435144437759
-2.967999999999999,8.64719278325759
-2.959999999999999,8.56072345599999
-2.951999999999999,8.474939820441591
-2.943999999999999,8.38983824424959
-2.935999999999999,8.30541510492159
-2.927999999999999,8.22166678978559
-2.919999999999999,8.13858969599999
-2.911999999999999,8.05618023055359
-2.903999999999999,7.97443481026559
-2.895999999999999,7.893349861785591
-2.887999999999999,7.812921821593591
-2.879999999999999,7.733147135999991
-2.871999999999999,7.65402226114559
-2.863999999999999,7.575543663001591
-2.855999999999999,7.497707817369591
-2.847999999999999,7.420511209881591
-2.839999999999999,7.34395033599999
-2.831999999999999,7.268021701017591
-2.823999999999999,7.19272182005759
-2.815999999999999,7.11804721807359
-2.807999999999999,7.04399442984959
-2.799999999999999,6.970559999999991
-2.791999999999999,6.897740482969591
-2.783999999999999,6.82553244303359
-2.775999999999999,6.7539324542975905
-2.767999999999999,6.6829371006975915
-2.759999999999999,6.612542975999991
-2.751999999999999,6.542746683801591
-2.743999999999999,6.473544837529591
-2.735999999999999,6.40493406044159
-2.727999999999999,6.3369109856255905
-2.719999999999999,6.2694722559999905
-2.711999999999999,6.20261452431359
-2.703999999999999,6.136334453145591
-2.695999999999999,6.070628714905591
-2.687999999999999,6.005493991833591
-2.679999999999999,5.940926975999991
-2.671999999999999,5.876924369305591
-2.663999999999999,5.813482883481591
-2.655999999999999,5.750599240089591
-2.647999999999999,5.688270170521591
-2.639999999999999,5.626492415999991
-2.631999999999999,5.565262727577591
-2.6239999999999988,5.504577866137591
-2.6159999999999988,5.444434602393591
-2.6079999999999988,5.38482971688959
-2.5999999999999988,5.325759999999991
-2.5919999999999987,5.267222251929591
-2.5839999999999987,5.20921328271359
-2.5759999999999987,5.151729912217591
-2.5679999999999987,5.094768970137592
-2.5599999999999987,5.038327295999991
-2.5519999999999987,4.982401739161592
-2.5439999999999987,4.926989158809591
-2.5359999999999987,4.872086423961591
-2.5279999999999987,4.817690413465591
-2.5199999999999987,4.763798015999991
-2.5119999999999987,4.710406130073591
-2.5039999999999987,4.657511664025591
-2.4959999999999987,4.605111536025592
-2.4879999999999987,4.553202674073591
-2.4799999999999986,4.501782015999991
-2.4719999999999986,4.450846509465592
-2.4639999999999986,4.400393111961591
-2.4559999999999986,4.3504187908095915
-2.4479999999999986,4.300920523161592
-2.4399999999999986,4.251895295999992
-2.4319999999999986,4.203340106137592
-2.4239999999999986,4.1552519602175915
-2.4159999999999986,4.107627874713591
-2.4079999999999986,4.060464875929592
-2.3999999999999986,4.013759999999992
-2.3919999999999986,3.9675102928895916
-2.3839999999999986,3.9217128103935917
-2.3759999999999986,3.876364618137592
-2.3679999999999986,3.8314627915775916
-2.3599999999999985,3.7870044159999923
-2.3519999999999985,3.742986586521592
-2.3439999999999985,3.699406408089592
-2.3359999999999985,3.656260995481593
-2.3279999999999985,3.6135474733055926
-2.3199999999999985,3.5712629759999923
-2.3119999999999985,3.5294046478335925
-2.3039999999999985,3.4879696429055924
-2.2959999999999985,3.446955125145592
-2.2879999999999985,3.4063582683135927
-2.2799999999999985,3.3661762559999926
-2.2719999999999985,3.3264062816255926
-2.2639999999999985,3.2870455484415926
-2.2559999999999985,3.2480912695295925
-2.2479999999999984,3.2095406678015928
-2.2399999999999984,3.171390975999993
-2.2319999999999984,3.133639436697593
-2.2239999999999984,3.096283302297593
-2.2159999999999984,3.059319835033593
-2.2079999999999984,3.022746306969593
-2.1999999999999984,2.9865599999999928
-2.1919999999999984,2.950758205849593
-2.1839999999999984,2.915338226073593
-2.1759999999999984,2.880297372057593
-2.1679999999999984,2.845632965017593
-2.1599999999999984,2.811342335999993
-2.1519999999999984,2.777422825881593
-2.1439999999999984,2.7438717853695933
-2.1359999999999983,2.710686575001593
-2.1279999999999983,2.6778645651455935
-2.1199999999999983,2.6454031359999934
-2.1119999999999983,2.6132996775935933
-2.1039999999999983,2.5815515897855934
-2.0959999999999983,2.5501562822655934
-2.0879999999999983,2.5191111745535935
-2.0799999999999983,2.4884136959999936
-2.0719999999999983,2.4580612857855932
-2.0639999999999983,2.4280513929215934
-2.0559999999999983,2.3983814762495936
-2.0479999999999983,2.3690490044415937
-2.0399999999999983,2.3400514559999936
-2.0319999999999983,2.311386319257594
-2.0239999999999982,2.283051092377594
-2.0159999999999982,2.255043283353594
-2.0079999999999982,2.227360410009594
-1.9999999999999982,2.199999999999994
-1.9919999999999982,2.172959590809594
-1.9839999999999982,2.1462367297535945
-1.9759999999999982,2.119828973977594
-1.9679999999999982,2.093733890457594
-1.9599999999999982,2.0679490559999945
-1.9519999999999982,2.042472057241594
-1.9439999999999982,2.0173004906495944
-1.9359999999999982,1.9924319625215943
-1.9279999999999982,1.9678640889855945
-1.9199999999999982,1.9435944959999945
-1.9119999999999981,1.9196208193535946
-1.9039999999999981,1.8959407046655945
-1.8959999999999981,1.872551807385595
-1.8879999999999981,1.8494517927935945
-1.8799999999999981,1.8266383359999945
-1.871999999999998,1.8041091219455947
-1.863999999999998,1.7818618454015949
-1.855999999999998,1.7598942109695948
-1.847999999999998,1.7382039330815948
-1.839999999999998,1.716788735999995
-1.831999999999998,1.695646353817595
-1.823999999999998,1.674774530457595
-1.815999999999998,1.654171019673595
-1.807999999999998,1.6338335850495953
-1.799999999999998,1.613759999999995
-1.791999999999998,1.593948047769595
-1.783999999999998,1.5743955214335954
-1.775999999999998,1.5551002238975953
-1.767999999999998,1.5360599678975952
-1.759999999999998,1.5172725759999954
-1.751999999999998,1.4987358806015956
-1.743999999999998,1.4804477239295957
-1.735999999999998,1.4624059580415953
-1.727999999999998,1.4446084448255956
-1.719999999999998,1.4270530559999957
-1.711999999999998,1.4097376731135958
-1.703999999999998,1.3926601875455957
-1.695999999999998,1.3758185005055958
-1.687999999999998,1.3592105230335958
-1.679999999999998,1.3428341759999958
-1.671999999999998,1.326687390105596
-1.663999999999998,1.3107681058815959
-1.655999999999998,1.295074273689596
-1.647999999999998,1.279603853721596
-1.639999999999998,1.264354815999996
-1.631999999999998,1.249325140377596
-1.623999999999998,1.2345128165375963
-1.6159999999999979,1.2199158439935962
-1.6079999999999979,1.2055322320895963
-1.5999999999999979,1.1913599999999962
-1.5919999999999979,1.1773971767295963
-1.5839999999999979,1.1636418011135965
-1.5759999999999978,1.1500919218175962
-1.5679999999999978,1.1367455973375964
-1.5599999999999978,1.1236008959999966
-1.5519999999999978,1.1106558959615964
-1.5439999999999978,1.0979086852095965
-1.5359999999999978,1.0853573615615966
-1.5279999999999978,1.0730000326655966
-1.5199999999999978,1.0608348159999967
-1.5119999999999978,1.0488598388735966
-1.5039999999999978,1.0370732384255965
-1.4959999999999978,1.0254731616255968
-1.4879999999999978,1.014057765273597
-1.4799999999999978,1.0028252159999969
-1.4719999999999978,0.9917736902655969
-1.4639999999999977,0.980901374361597
-1.4559999999999977,0.9702064644095969
-1.4479999999999977,0.9596871663615969
-1.4399999999999977,0.9493416959999972
-1.4319999999999977,0.9391682789375971
-1.4239999999999977,0.9291651506175972
-1.4159999999999977,0.9193305563135972
-1.4079999999999977,0.9096627511295972
-1.3999999999999977,0.9001599999999973
-1.3919999999999977,0.8908205776895972
-1.3839999999999977,0.8816427687935974
-1.3759999999999977,0.8726248677375974
-1.3679999999999977,0.8637651787775973
-1.3599999999999977,0.8550620159999975
-1.3519999999999976,0.8465137033215975
-1.3439999999999976,0.8381185744895976
-1.3359999999999976,0.8298749730815975
-1.3279999999999976,0.8217812525055976
-1.3199999999999976,0.8138357759999977
-1.3119999999999976,0.8060369166335977
-1.3039999999999976,0.7983830573055977
-1.2959999999999976,0.7908725907455978
-1.2879999999999976,0.7835039195135978
-1.2799999999999976,0.7762754559999978
-1.2719999999999976,0.7691856224255978
-1.2639999999999976,0.762232850841598
-1.2559999999999976,0.7554155831295979
-1.2479999999999976,0.748732271001598
-1.2399999999999975,0.7421813759999979
-1.2319999999999975,0.7357613694975981
-1.2239999999999975,0.7294707326975981
-1.2159999999999975,0.723307956633598
-1.2079999999999975,0.7172715421695981
-1.1999999999999975,0.7113599999999981
-1.1919999999999975,0.7055718506495982
-1.1839999999999975,0.6999056244735982
-1.1759999999999975,0.6943598616575982
-1.1679999999999975,0.6889331122175983
-1.1599999999999975,0.6836239359999983
-1.1519999999999975,0.6784309026815984
-1.1439999999999975,0.6733525917695984
-1.1359999999999975,0.6683875926015984
-1.1279999999999974,0.6635345043455985
-1.1199999999999974,0.6587919359999985
-1.1119999999999974,0.6541585063935985
-1.1039999999999974,0.6496328441855985
-1.0959999999999974,0.6452135878655985
-1.0879999999999974,0.6408993857535986
-1.0799999999999974,0.6366888959999986
-1.0719999999999974,0.6325807865855987
-1.0639999999999974,0.6285737353215987
-1.0559999999999974,0.6246664298495987
-1.0479999999999974,0.6208575676415988
-1.0399999999999974,0.6171458559999987
-1.0319999999999974,0.6135300120575988
-1.0239999999999974,0.6100087627775989
-1.0159999999999973,0.6065808449535989
-1.0079999999999973,0.6032450052095989
-0.9999999999999973,0.5999999999999989
-0.9919999999999973,0.5968445956095989
-0.9839999999999973,0.593777568153599
-0.9759999999999973,0.590797703577599
-0.9679999999999973,0.5879037976575991
-0.9599999999999973,0.585094655999999
-0.9519999999999973,0.5823690940415991
-0.9439999999999973,0.5797259370495991
-0.9359999999999973,0.5771640201215991
-0.9279999999999973,0.5746821881855991
-0.9199999999999973,0.5722792959999992
-0.9119999999999973,0.5699542081535992
-0.9039999999999973,0.5677057990655993
-0.8959999999999972,0.5655329529855992
-0.8879999999999972,0.5634345639935994
-0.8799999999999972,0.5614095359999992
-0.8719999999999972,0.5594567827455993
-0.8639999999999972,0.5575752278015993
-0.8559999999999972,0.5557638045695993
-0.8479999999999972,0.5540214562815994
-0.8399999999999972,0.5523471359999993
-0.8319999999999972,0.5507398066175995
-0.8239999999999972,0.5491984408575994
-0.8159999999999972,0.5477220212735995
-0.8079999999999972,0.5463095402495994
-0.7999999999999972,0.5449599999999994
-0.7919999999999972,0.5436724125695995
-0.7839999999999971,0.5424457998335995
-0.7759999999999971,0.5412791934975996
-0.7679999999999971,0.5401716350975996
-0.7599999999999971,0.5391221759999996
-0.7519999999999971,0.5381298774015997
-0.7439999999999971,0.5371938103295997
-0.7359999999999971,0.5363130556415997
-0.7279999999999971,0.5354867040255997
-0.7199999999999971,0.5347138559999997
-0.7119999999999971,0.5339936219135997
-0.7039999999999971,0.5333251219455998
-0.6959999999999971,0.5327074861055998
-0.6879999999999971,0.5321398542335998
-0.679999999999997,0.5316213759999998
-0.671999999999997,0.5311512109055998
-0.663999999999997,0.5307285282815998
-0.655999999999997,0.5303525072895998
-0.647999999999997,0.5300223369216
-0.639999999999997,0.5297372159999999
-0.631999999999997,0.5294963531775999
-0.623999999999997,0.5292989669375999
-0.615999999999997,0.5291442855935998
-0.607999999999997,0.5290315472896
-0.599999999999997,0.52896
-0.591999999999997,0.5289289015295999
-0.583999999999997,0.5289375195136
-0.575999999999997,0.5289851314176001
-0.567999999999997,0.5290710245376001
-0.559999999999997,0.529194496
-0.5519999999999969,0.5293548527616001
-0.5439999999999969,0.5295514116096
-0.5359999999999969,0.5297834991616001
-0.5279999999999969,0.5300504518656001
-0.5199999999999969,0.5303516160000001
-0.5119999999999969,0.5306863476736001
-0.5039999999999969,0.5310540128256
-0.4959999999999969,0.5314539872256001
-0.4879999999999969,0.5318856564736002
-0.4799999999999969,0.5323484160000002
-0.47199999999999687,0.5328416710656002
-0.46399999999999686,0.5333648367616001
-0.45599999999999685,0.5339173380096002
-0.44799999999999685,0.5344986095616002
-0.43999999999999684,0.5351080960000002
-0.43199999999999683,0.5357452517376002
-0.4239999999999968,0.5364095410176002
-0.4159999999999968,0.5371004379136002
-0.4079999999999968,0.5378174263296003
-0.3999999999999968,0.5385600000000003
-0.3919999999999968,0.5393276624896003
-0.3839999999999968,0.5401199271936002
-0.3759999999999968,0.5409363173376003
-0.3679999999999968,0.5417763659776003
-0.35999999999999677,0.5426396160000003
-0.35199999999999676,0.5435256201216003
-0.34399999999999675,0.5444339408896004
-0.33599999999999675,0.5453641506816004
-0.32799999999999674,0.5463158317056005
-0.31999999999999673,0.5472885760000004
-0.3119999999999967,0.5482819854336004
-0.3039999999999967,0.5492956717056005
-0.2959999999999967,0.5503292563456004
-0.2879999999999967,0.5513823707136004
-0.2799999999999967,0.5524546560000004
-0.2719999999999967,0.5535457632256005
-0.2639999999999967,0.5546553532416004
-0.2559999999999967,0.5557830967296005
-0.24799999999999667,0.5569286742016005
-0.23999999999999666,0.5580917760000005
-0.23199999999999665,0.5592721022976005
-0.22399999999999665,0.5604693630976005
-0.21599999999999664,0.5616832782336004
-0.20799999999999663,0.5629135773696005
-0.19999999999999662,0.5641600000000004
-0.19199999999999662,0.5654222954496005
-0.1839999999999966,0.5667002228736006
-0.1759999999999966,0.5679935512576005
-0.1679999999999966,0.5693020594176006
-0.1599999999999966,0.5706255360000005
-0.15199999999999658,0.5719637794816006
-0.14399999999999658,0.5733165981696006
-0.13599999999999657,0.5746838102016005
-0.12799999999999656,0.5760652435456006
-0.11999999999999655,0.5774607360000005
-0.11199999999999655,0.5788701351936005
-0.10399999999999654,0.5802932985856006
-0.09599999999999653,0.5817300934656006
-0.08799999999999653,0.5831803969536007
-0.07999999999999652,0.5846440960000006
-0.07199999999999651,0.5861210873856006
-0.0639999999999965,0.5876112777216007
-0.055999999999996504,0.5891145834496005
-0.047999999999996504,0.5906309308416007
-0.039999999999996504,0.5921602560000006
-0.0319999999999965,0.5937025048576007
-0.023999999999996503,0.5952576331776007
-0.015999999999996503,0.5968256065536006
-0.007999999999996503,0.5984064004096007
3.497202527569243e-15,0.6000000000000006
0.008000000000003497,0.6016064004096007
0.016000000000003498,0.6032256065536006
0.024000000000003498,0.6048576331776007
0.0320000000000035,0.6065025048576008
0.0400000000000035,0.6081602560000007
0.0480000000000035,0.6098309308416008
0.0560000000000035,0.6115145834496006
0.0640000000000035,0.6132112777216007
0.0720000000000035,0.6149210873856008
0.08000000000000351,0.6166440960000007
0.08800000000000352,0.6183803969536008
0.09600000000000353,0.6201300934656007
0.10400000000000353,0.6218932985856008
0.11200000000000354,0.6236701351936008
0.12000000000000355,0.6254607360000007
0.12800000000000356,0.6272652435456008
0.13600000000000356,0.6290838102016008
0.14400000000000357,0.6309165981696008
0.15200000000000358,0.6327637794816009
0.16000000000000358,0.6346255360000008
0.1680000000000036,0.6365020594176009
0.1760000000000036,0.6383935512576008
0.1840000000000036,0.6403002228736008
0.1920000000000036,0.6422222954496009
0.20000000000000362,0.6441600000000008
0.20800000000000363,0.646113577369601
0.21600000000000363,0.6480832782336008
0.22400000000000364,0.6500693630976009
0.23200000000000365,0.6520721022976009
0.24000000000000365,0.6540917760000009
0.24800000000000366,0.6561286742016009
0.25600000000000367,0.6581830967296008
0.2640000000000037,0.660255353241601
0.2720000000000037,0.662345763225601
0.2800000000000037,0.6644546560000009
0.2880000000000037,0.666582370713601
0.2960000000000037,0.668729256345601
0.3040000000000037,0.6708956717056009
0.3120000000000037,0.6730819854336011
0.3200000000000037,0.675288576000001
0.32800000000000373,0.677515831705601
0.33600000000000374,0.679764150681601
0.34400000000000375,0.682033940889601
0.35200000000000375,0.684325620121601
0.36000000000000376,0.6866396160000011
0.36800000000000377,0.6889763659776011
0.3760000000000038,0.691336317337601
0.3840000000000038,0.6937199271936011
0.3920000000000038,0.6961276624896012
0.4000000000000038,0.6985600000000012
0.4080000000000038,0.7010174263296012
0.4160000000000038,0.7035004379136012
0.4240000000000038,0.7060095410176013
0.4320000000000038,0.7085452517376012
0.44000000000000383,0.7111080960000012
0.44800000000000384,0.7136986095616012
0.45600000000000385,0.7163173380096012
0.46400000000000385,0.7189648367616013
0.47200000000000386,0.7216416710656013
0.48000000000000387,0.7243484160000013
0.4880000000000039,0.7270856564736013
0.4960000000000039,0.7298539872256012
0.5040000000000039,0.7326540128256013
0.5120000000000039,0.7354863476736014
0.5200000000000039,0.7383516160000013
0.5280000000000039,0.7412504518656015
0.5360000000000039,0.7441834991616014
0.5440000000000039,0.7471514116096014
0.5520000000000039,0.7501548527616015
0.5600000000000039,0.7531944960000014
0.568000000000004,0.7562710245376015
0.576000000000004,0.7593851314176014
0.584000000000004,0.7625375195136016
0.592000000000004,0.7657289015296016
0.600000000000004,0.7689600000000015
0.608000000000004,0.7722315472896016
0.616000000000004,0.7755442855936016
0.624000000000004,0.7788989669376016
0.632000000000004,0.7822963531776017
0.640000000000004,0.7857372160000017
0.648000000000004,0.7892223369216018
0.656000000000004,0.7927525072896018
0.664000000000004,0.7963285282816017
0.672000000000004,0.7999512109056018
0.680000000000004,0.8036213760000019
0.688000000000004,0.8073398542336019
0.6960000000000041,0.8111074861056018
0.7040000000000041,0.8149251219456018
0.7120000000000041,0.818793621913602
0.7200000000000041,0.8227138560000019
0.7280000000000041,0.826686704025602
0.7360000000000041,0.830713055641602
0.7440000000000041,0.834793810329602
0.7520000000000041,0.8389298774016022
0.7600000000000041,0.843122176000002
0.7680000000000041,0.8473716350976023
0.7760000000000041,0.8516791934976022
0.7840000000000041,0.8560457998336023
0.7920000000000041,0.8604724125696023
0.8000000000000042,0.8649600000000023
0.8080000000000042,0.8695095402496024
0.8160000000000042,0.8741220212736024
0.8240000000000042,0.8787984408576024
0.8320000000000042,0.8835398066176026
0.8400000000000042,0.8883471360000025
0.8480000000000042,0.8932214562816025
0.8560000000000042,0.8981638045696025
0.8640000000000042,0.9031752278016026
0.8720000000000042,0.9082567827456027
0.8800000000000042,0.9134095360000027
0.8880000000000042,0.9186345639936028
0.8960000000000042,0.9239329529856027
0.9040000000000042,0.9293057990656028
0.9120000000000043,0.9347542081536029
0.9200000000000043,0.9402792960000029
0.9280000000000043,0.945882188185603
0.9360000000000043,0.951564020121603
0.9440000000000043,0.9573259370496031
0.9520000000000043,0.9631690940416032
0.9600000000000043,0.9690946560000031
0.9680000000000043,0.9751037976576032
0.9760000000000043,0.9811977035776033
0.9840000000000043,0.9873775681536033
0.9920000000000043,0.9936445956096035
1.0000000000000042,1.0000000000000033
1.0080000000000042,1.0064450052096034
1.0160000000000042,1.0129808449536035
1.0240000000000042,1.0196087627776036
1.0320000000000042,1.0263300120576035
1.0400000000000043,1.0331458560000037
1.0480000000000043,1.0400575676416037
1.0560000000000043,1.0470664298496037
1.0640000000000043,1.0541737353216039
1.0720000000000043,1.061380786585604
1.0800000000000043,1.068688896000004
1.0880000000000043,1.076099385753604
1.0960000000000043,1.083613587865604
1.1040000000000043,1.091232844185604
1.1120000000000043,1.0989585063936043
1.1200000000000043,1.1067919360000043
1.1280000000000043,1.1147345043456043
1.1360000000000043,1.1227875926016044
1.1440000000000043,1.1309525917696046
1.1520000000000044,1.1392309026816045
1.1600000000000044,1.1476239360000047
1.1680000000000044,1.1561331122176046
1.1760000000000044,1.1647598616576047
1.1840000000000044,1.1735056244736048
1.1920000000000044,1.182371850649605
1.2000000000000044,1.191360000000005
1.2080000000000044,1.200471542169605
1.2160000000000044,1.209707956633605
1.2240000000000044,1.2190707326976051
1.2320000000000044,1.2285613694976054
1.2400000000000044,1.2381813760000053
1.2480000000000044,1.2479322710016054
1.2560000000000044,1.2578155831296054
1.2640000000000045,1.2678328508416055
1.2720000000000045,1.2779856224256059
1.2800000000000045,1.2882754560000058
1.2880000000000045,1.2987039195136059
1.2960000000000045,1.309272590745606
1.3040000000000045,1.319983057305606
1.3120000000000045,1.330836916633606
1.3200000000000045,1.3418357760000061
1.3280000000000045,1.3529812525056062
1.3360000000000045,1.3642749730816064
1.3440000000000045,1.3757185744896065
1.3520000000000045,1.3873137033216068
1.3600000000000045,1.3990620160000067
1.3680000000000045,1.4109651787776067
1.3760000000000046,1.423024867737607
1.3840000000000046,1.4352427687936071
1.3920000000000046,1.4476205776896072
1.4000000000000046,1.4601600000000072
1.4080000000000046,1.4728627511296073
1.4160000000000046,1.4857305563136074
1.4240000000000046,1.4987651506176074
1.4320000000000046,1.5119682789376079
1.4400000000000046,1.5253416960000077
1.4480000000000046,1.538887166361608
1.4560000000000046,1.552606464409608
1.4640000000000046,1.5665013743616083
1.4720000000000046,1.5805736902656085
1.4800000000000046,1.5948252160000083
1.4880000000000047,1.6092577652736084
1.4960000000000047,1.6238731616256086
1.5040000000000047,1.6386732384256089
1.5120000000000047,1.653659838873609
1.5200000000000047,1.6688348160000088
1.5280000000000047,1.6842000326656092
1.5360000000000047,1.699757361561609
1.5440000000000047,1.7155086852096093
1.5520000000000047,1.7314558959616095
1.5600000000000047,1.7476008960000096
1.5680000000000047,1.7639455973376097
1.5760000000000047,1.7804919218176098
1.5840000000000047,1.7972418011136098
1.5920000000000047,1.8141971767296103
1.6000000000000048,1.8313600000000103
1.6080000000000048,1.8487322320896105
1.6160000000000048,1.8663158439936107
1.6240000000000048,1.8841128165376109
1.6320000000000048,1.902125140377611
1.6400000000000048,1.9203548160000108
1.6480000000000048,1.9388038537216112
1.6560000000000048,1.9574742736896114
1.6640000000000048,1.9763681058816114
1.6720000000000048,1.9954873901056118
1.6800000000000048,2.014834176000012
1.6880000000000048,2.0344105230336123
1.6960000000000048,2.054218500505612
1.7040000000000048,2.0742601875456126
1.7120000000000049,2.0945376731136127
1.7200000000000049,2.1150530560000127
1.7280000000000049,2.1358084448256127
1.7360000000000049,2.1568059580416126
1.7440000000000049,2.1780477239296134
1.7520000000000049,2.199535880601613
1.760000000000005,2.2212725760000134
1.768000000000005,2.2432599678976137
1.776000000000005,2.2655002238976136
1.784000000000005,2.287995521433614
1.792000000000005,2.3107480477696143
1.800000000000005,2.333760000000014
1.808000000000005,2.3570335850496145
1.816000000000005,2.3805710196736145
1.824000000000005,2.404374530457615
1.832000000000005,2.4284463538176153
1.840000000000005,2.4527887360000156
1.848000000000005,2.4774039330816153
1.856000000000005,2.502294210969616
1.864000000000005,2.527461845401616
1.872000000000005,2.552909121945616
1.880000000000005,2.578638336000016
1.888000000000005,2.6046517927936166
1.896000000000005,2.6309518073856166
1.904000000000005,2.657540704665617
1.912000000000005,2.684420819353617
1.920000000000005,2.7115944960000173
1.928000000000005,2.739064088985618
1.936000000000005,2.766831962521618
1.944000000000005,2.794900490649618
1.952000000000005,2.823272057241618
1.960000000000005,2.8519490560000182
1.968000000000005,2.8809338904576185
1.976000000000005,2.9102289739776186
1.984000000000005,2.939836729753619
1.992000000000005,2.9697595908096193
2.000000000000005,3.0000000000000187
2.008000000000005,3.0305604100096186
2.016000000000005,3.061443283353619
2.024000000000005,3.0926510923776194
2.032000000000005,3.1241863192576194
2.040000000000005,3.1560514560000197
2.048000000000005,3.1882490044416203
2.056000000000005,3.22078147624962
2.064000000000005,3.25365139292162
2.072000000000005,3.286861285785621
2.080000000000005,3.3204136960000206
2.088000000000005,3.3543111745536214
2.096000000000005,3.388556282265622
2.104000000000005,3.423151589785622
2.112000000000005,3.458099677593622
2.120000000000005,3.4934031360000217
2.128000000000005,3.5290645651456223
2.136000000000005,3.565086575001623
2.144000000000005,3.6014717853696228
2.152000000000005,3.6382228258816234
2.160000000000005,3.6753423360000235
2.168000000000005,3.7128329650176237
2.176000000000005,3.750697372057624
2.184000000000005,3.7889382260736246
2.192000000000005,3.827558205849625
2.200000000000005,3.8665600000000246
2.208000000000005,3.905946306969625
2.216000000000005,3.9457198350336258
2.224000000000005,3.985883302297626
2.232000000000005,4.026439436697626
2.240000000000005,4.067390976000026
2.248000000000005,4.1087406678016265
2.256000000000005,4.150491269529627
2.264000000000005,4.192645548441627
2.272000000000005,4.2352062816256275
2.280000000000005,4.2781762560000285
2.288000000000005,4.321558268313628
2.296000000000005,4.365355125145628
2.304000000000005,4.409569642905629
2.312000000000005,4.454204647833629
2.320000000000005,4.499262976000029
2.328000000000005,4.54474747330563
2.336000000000005,4.59066099548163
2.344000000000005,4.637006408089631
2.352000000000005,4.683786586521631
2.360000000000005,4.731004416000031
2.368000000000005,4.778662791577631
2.376000000000005,4.8267646181376325
2.3840000000000052,4.875312810393632
2.3920000000000052,4.924310292889633
2.4000000000000052,4.973760000000032
2.4080000000000052,5.023664875929633
2.4160000000000053,5.074027874713634
2.4240000000000053,5.124851960217634
2.4320000000000053,5.176140106137634
2.4400000000000053,5.227895296000034
2.4480000000000053,5.280120523161635
2.4560000000000053,5.332818790809634
2.4640000000000053,5.3859931119616355
2.4720000000000053,5.4396465094656365
2.4800000000000053,5.493782016000036
2.4880000000000053,5.548402674073637
2.4960000000000053,5.603511536025637
2.5040000000000053,5.659111664025637
2.5120000000000053,5.715206130073638
2.5200000000000053,5.771798016000038
2.5280000000000054,5.828890413465638
2.5360000000000054,5.886486423961639
2.5440000000000054,5.944589158809639
2.5520000000000054,6.003201739161639
2.5600000000000054,6.06232729600004
2.5680000000000054,6.12196897013764
2.5760000000000054,6.182129912217642
2.5840000000000054,6.242813282713641
2.5920000000000054,6.304022251929641
2.6000000000000054,6.365760000000042
2.6080000000000054,6.428029716889643
2.6160000000000054,6.490834602393644
2.6240000000000054,6.5541778661376435
2.6320000000000054,6.618062727577644
2.6400000000000055,6.682492416000045
2.6480000000000055,6.747470170521645
2.6560000000000055,6.8129992400896455
2.6640000000000055,6.8790828834816455
2.6720000000000055,6.945724369305646
2.6800000000000055,7.012926976000047
2.6880000000000055,7.080693991833647
2.6960000000000055,7.149028714905647
2.7040000000000055,7.217934453145648
2.7120000000000055,7.287414524313649
2.7200000000000055,7.357472256000049
2.7280000000000055,7.428110985625649
2.7360000000000055,7.49933406044165
2.7440000000000055,7.5711448375296495
2.7520000000000056,7.643546683801651
2.7600000000000056,7.716542976000051
2.7680000000000056,7.790137100697652
2.7760000000000056,7.864332454297651
2.7840000000000056,7.939132443033653
2.7920000000000056,8.014540482969654
2.8000000000000056,8.090560000000053
2.8080000000000056,8.167194429849655
2.8160000000000056,8.244447218073654
2.8240000000000056,8.322321820057654
2.8320000000000056,8.400821701017655
2.8400000000000056,8.479950336000057
2.8480000000000056,8.559711209881657
2.8560000000000056,8.640107817369657
2.8640000000000057,8.721143663001659
2.8720000000000057,8.802822261145659
2.8800000000000057,8.88514713600006
2.8880000000000057,8.968121821593659
2.8960000000000057,9.051749861785659
2.9040000000000057,9.136034810265661
2.9120000000000057,9.22098023055366
2.9200000000000057,9.306589696000062
2.9280000000000057,9.392866789785662
2.9360000000000057,9.479815104921663
2.9440000000000057,9.567438244249665
2.9520000000000057,9.655739820441664
2.9600000000000057,9.744723456000063
2.9680000000000057,9.834392783257664
2.9760000000000058,9.924751444377666
2.9840000000000058,10.015803091353666
2.9920000000000058,10.107551386009666
3.0000000000000058,10.200000000000069
3.008000000000006,10.293152614809669
3.016000000000006,10.387012921753668
3.024000000000006,10.48158462197767
3.032000000000006,10.57687142645767
3.040000000000006,10.67287705600007
3.048000000000006,10.76960524124167
3.056000000000006,10.867059722649671
3.064000000000006,10.965244250521671
3.072000000000006,11.064162584985672
3.080000000000006,11.163818496000072
3.088000000000006,11.264215763353674
3.096000000000006,11.365358176665675
3.104000000000006,11.467249535385676
3.112000000000006,11.569893648793677
3.120000000000006,11.673294336000076
3.128000000000006,11.777455425945677
3.136000000000006,11.882380757401679
3.144000000000006,11.98807417896968
3.152000000000006,12.094539549081679
3.160000000000006,12.201780736000082
3.168000000000006,12.309801617817682
3.176000000000006,12.418606082457682
3.184000000000006,12.528198027673682
3.192000000000006,12.638581361049683
3.200000000000006,12.749760000000082
3.208000000000006,12.861737871769684
3.216000000000006,12.974518913433684
3.224000000000006,13.088107071897687
3.232000000000006,13.202506303897685
3.240000000000006,13.317720576000086
3.248000000000006,13.433753864601687
3.256000000000006,13.55061015592969
3.264000000000006,13.668293446041687
3.272000000000006,13.78680774082569
3.280000000000006,13.90615705600009
3.288000000000006,14.026345417113692
3.296000000000006,14.147376859545693
3.304000000000006,14.269255428505694
3.312000000000006,14.391985179033693
3.320000000000006,14.515570176000095
3.328000000000006,14.640014494105696
3.336000000000006,14.765322217881696
3.344000000000006,14.891497441689697
3.352000000000006,15.018544269721698
3.360000000000006,15.146466816000098
3.368000000000006,15.2752692043777
3.376000000000006,15.4049555685377
3.384000000000006,15.5355300519937
3.392000000000006,15.666996808089703
3.400000000000006,15.799360000000103
3.408000000000006,15.932623800729704
3.416000000000006,16.066792393113705
3.424000000000006,16.201869969817704
3.432000000000006,16.337860733337706
3.440000000000006,16.474768896000107
3.448000000000006,16.612598679961707
3.456000000000006,16.751354317209707
3.464000000000006,16.89104004956171
3.472000000000006,17.03166012866571
3.480000000000006,17.17321881600011
3.488000000000006,17.315720382873714
3.496000000000006,17.459169110425712
3.504000000000006,17.603569289625714
3.5120000000000062,17.748925221273716
3.5200000000000062,17.895241216000116
3.5280000000000062,18.042521594265715
3.5360000000000062,18.190770686361716
3.5440000000000063,18.339992832409717
3.5520000000000063,18.490192382361716
3.5600000000000063,18.64137369600012
3.5680000000000063,18.79354114293772
3.5760000000000063,18.94669910261772
3.5840000000000063,19.100851964313723
3.5920000000000063,19.25600412712972
3.6000000000000063,19.412160000000124
3.6080000000000063,19.569324001689726
3.6160000000000063,19.727500560793725
3.6240000000000063,19.88669411573773
3.6320000000000063,20.046909114777726
3.6400000000000063,20.208150016000126
3.6480000000000063,20.370421287321733
3.6560000000000064,20.533727406489728
3.6640000000000064,20.69807286108173
3.6720000000000064,20.863462148505732
3.6800000000000064,21.029899776000136
3.6880000000000064,21.197390260633735
3.6960000000000064,21.36593812930574
3.7040000000000064,21.53554791874574
3.7120000000000064,21.70622417551374
3.7200000000000064,21.87797145600014
3.7280000000000064,22.050794326425745
3.7360000000000064,22.22469736284174
3.7440000000000064,22.399685151129745
3.7520000000000064,22.57576228700174
3.7600000000000064,22.752933376000147
3.7680000000000065,22.931203033497745
3.7760000000000065,23.110575884697745
3.7840000000000065,23.291056564633745
3.7920000000000065,23.472649718169748
3.8000000000000065,23.655360000000147
3.8080000000000065,23.839192074649752
3.8160000000000065,24.024150616473754
3.8240000000000065,24.210240309657753
3.8320000000000065,24.397465848217756
3.8400000000000065,24.585831936000154
3.8480000000000065,24.775343286681753
3.8560000000000065,24.966004623769756
3.8640000000000065,25.157820680601763
3.8720000000000065,25.350796200345762
3.8800000000000066,25.544935936000165
3.8880000000000066,25.740244650393763
3.8960000000000066,25.936727116185764
3.9040000000000066,26.13438811586576
3.9120000000000066,26.33323244175377
3.9200000000000066,26.533264896000166
3.9280000000000066,26.734490290585768
3.9360000000000066,26.93691344732177
3.9440000000000066,27.14053919784977
3.9520000000000066,27.345372383641774
3.9600000000000066,27.55141785600017
3.9680000000000066,27.758680476057776
3.9760000000000066,27.967165114777774
3.9840000000000066,28.176876652953776
3.9920000000000067,28.387819981209777
